question_id,embedding_model,groundedness_score,answer_relevance_score,decision_quality_score,judge_note
Q001,all_minilm_l6_v2,0.8,1.0,1.0,"The answer is highly relevant to the question and accurately reflects the expected risk level based on SR 11-7. However, it overstates certainty by stating that the bank is not following best practices without providing specific examples or evidence from the guidance. This reduces the groundedness score slightly."
Q002,all_minilm_l6_v2,0.8,1.0,1.0,The answer is well-supported by the retrieved evidence and directly addresses the user question. The decision quality score is high because the risk label is consistent with the reference answer.
Q003,all_minilm_l6_v2,0.8,0.9,1.0,"The model answer provides a clear and logical explanation of the bank's situation and its implications for operational risk management. The reference answer is consistent with the expected risk label, and the model risk label is appropriate given the lack of direct evidence in the retrieved evidence."
Q004,all_minilm_l6_v2,0.8,0.9,0.9,"The model answer accurately reflects the Basel operational resilience principles and provides a clear explanation of the operational risk level indicated in such scenarios. However, it could benefit from more nuanced language to address potential overstatement of certainty or unsupported claims."
Q005,all_minilm_l6_v2,0.8,0.9,0.7,"The model answer is relevant and addresses the question directly, but it does not fully capture the nuances of Basel credit risk principles. The decision quality score could be higher if the model explicitly mentioned regulatory requirements and potential consequences of inadequate oversight."
Q006,all_minilm_l6_v2,0.8,0.9,0.7,"The model answer provides a clear explanation of the potential consequences of unclear credit approval authority and accountability on credit risk. However, it could be improved by directly referencing the retrieved evidence to support its claims."
Q007,all_minilm_l6_v2,0.8,0.9,0.7,"The model answer provides a clear explanation of the potential impact on credit risk, but it does not explicitly state that the bank's ability to lend and invest would be affected. The reference answer is more specific in its description of the credit risk level."
Q008,all_minilm_l6_v2,0.8,0.9,0.9,"The model answer is generally accurate and well-supported by the retrieved evidence. However, it could be improved by providing more specific details about the operational risk level. The reference answer provides a clear explanation of why internal controls failing to ensure compliance with policies indicates high operational risk."
Q009,all_minilm_l6_v2,0.8,0.9,1.0,The answer is mostly accurate but slightly overstates certainty. The retrieved evidence supports the model risk label of Unknown.
Q010,all_minilm_l6_v2,0.8,0.9,0.7,"The model answer provides a clear description of the three lines of defence in operational risk management, but it overstates certainty and invents unsupported claims (e.g., 'enhance its execution and monitoring'). The reference answer is more concise and accurate."
Q011,all_minilm_l6_v2,0.8,0.9,0.7,"The answer is well-supported by the retrieved evidence and directly addresses the user question. However, it slightly overstates certainty and invents some supporting details not present in the reference answer."
Q012,all_minilm_l6_v2,0.8,0.9,0.9,"The model answer provides a clear explanation of the importance of bank examinations according to FDIC guidance, directly addressing the user question. However, it slightly overstates certainty and invents unsupported claims (e.g., 'identify potential risks' without direct evidence from the retrieved evidence). This reduces the groundedness score."
Q001,e5_small_v2,0.8,0.9,0.9,The answer is well-supported by the retrieved evidence and directly addresses the user question. The decision quality score is high because the risk label is consistent with the reference answer.
Q002,e5_small_v2,0.6,0.8,0.4,The answer is partially relevant to the question but does not accurately reflect the expected risk level. The model risk label provided in the reference answer is more appropriate.
Q003,e5_small_v2,0.8,0.9,0.9,Answer is well-supported by retrieved evidence and directly addresses the user question. Decision quality is appropriate given the context of Basel operational risk guidance.
Q004,e5_small_v2,0.8,0.9,0.7,Model answer overstates certainty and invents unsupported claims. Groundedness score reduced due to lack of direct evidence from Basel operational resilience principles.
Q005,e5_small_v2,0.8,0.9,0.7,"The model answer provides a clear explanation of the potential consequences of not reviewing credit risk strategy and policies, but it overstates certainty by stating that senior management may not be fully capable of managing credit activities within approved tolerances without evidence to support this claim."
Q006,e5_small_v2,0.8,0.9,1.0,"The model answer provides a clear explanation of the potential risks associated with unclear credit approval authority and accountability, aligning with the reference answer. However, it could be improved by directly referencing the retrieved evidence to support its claims."
Q007,e5_small_v2,0.0,0.0,0.0,
Q008,e5_small_v2,0.8,0.9,1.0,"The model answer is well-supported by the retrieved evidence and directly addresses the user question. The reference answer aligns with the expected risk label of High, indicating that internal controls not ensuring compliance with operational risk policies indeed indicate a high operational risk level."
Q009,e5_small_v2,0.8,1.0,1.0,"The model answer closely matches the reference answer, indicating a high level of accuracy and relevance. However, the risk label is Unknown, which may indicate that the decision to assign this label was not based on the content of the answer but rather on the context of the question."
Q010,e5_small_v2,0.8,0.9,0.7,"The model answer provides a clear and accurate description of the three lines of defence in operational risk management. However, it slightly overstates certainty by stating that business line management is responsible for identifying and managing operational risk within their respective departments (which may not be entirely accurate). Additionally, the model does not explicitly mention the role of internal audit as part of the third line of defence."
Q011,e5_small_v2,0.8,0.9,0.7,The model answer is mostly accurate but slightly rephrased. The reference answer provides a more concise and direct explanation of the purpose of operational resilience principles.
Q012,e5_small_v2,0.8,0.9,1.0,"Model answer closely aligns with retrieved evidence and provides a clear explanation of the importance of bank examinations in maintaining public confidence and stability. However, note that the model answer slightly overstates certainty by using phrases like 'help maintain public confidence' which is not explicitly stated in the reference answer."
Q001,bge_small_en_v1_5,0.8,0.9,0.9,"The answer is grounded in the retrieved evidence and accurately addresses the user question. However, it could be improved by providing more specific details about the model risk level."
Q002,bge_small_en_v1_5,0.8,1.0,1.0,The answer is well-supported by the retrieved evidence and directly addresses the user question. The decision quality score is high because the risk label is consistent with the reference answer.
Q003,bge_small_en_v1_5,0.8,0.9,1.0,The model answer accurately reflects the Basel operational risk guidance and provides a clear explanation of how weak change management and unclear three lines of defence contribute to high operational risk. The only reason for not giving a perfect score is that the model could have provided more specific details about the potential consequences of these weaknesses.
Q004,bge_small_en_v1_5,0.8,0.9,0.9,The model answer accurately reflects the Basel operational resilience principles and provides a clear explanation of the operational risk level indicated by an inability to maintain critical operations during disruption.
Q005,bge_small_en_v1_5,0.8,1.0,0.9,"Model answer is relevant and supports the reference answer well. However, it slightly underestimates the level of credit risk governance weakness indicated by Basel principles."
Q006,bge_small_en_v1_5,0.8,0.9,0.9,"The model answer provides a clear explanation of the potential risks associated with unclear credit approval authority and accountability. However, it could be improved by providing more specific details on how this clarity impacts the credit risk level. The reference answer is more concise but equally effective in conveying the importance of clear policies in reducing credit risk."
Q007,bge_small_en_v1_5,0.8,0.9,0.7,"The model answer is generally relevant and addresses the question directly, but it overstates certainty (e.g., 'inaccurate assessments' and 'increased defaults') and lacks nuance (e.g., 'medium to high credit risk'). The reference answer provides a more balanced assessment of the situation."
Q008,bge_small_en_v1_5,0.8,0.9,0.9,"The model answer is well-supported by the retrieved evidence and directly addresses the user question. The decision quality score is high because the risk label is consistent with the expected risk level. However, the groundedness score could be higher if the model had provided more nuanced analysis of the discrepancy between ratings and compliance processes."
Q009,bge_small_en_v1_5,0.8,1.0,1.0,"The answer is very relevant to the question and aligns with the reference answer. However, it slightly overstates certainty by using the phrase 'performing as expected' which could be seen as a slight exaggeration of the actual language used in SR 11-7. This minor issue reduces the groundedness score slightly."
Q010,bge_small_en_v1_5,0.0,0.0,0.0,
Q011,bge_small_en_v1_5,0.8,0.9,0.7,"The model answer provides a clear and concise explanation of the purpose of operational resilience principles. However, it could be improved by directly referencing the retrieved evidence to increase groundedness. The risk label is correct as 'Unknown' for informational questions."
Q012,bge_small_en_v1_5,0.8,0.9,0.7,"The model answer provides a clear explanation of the importance of bank examinations in maintaining public confidence and ensuring risk management. However, it slightly overstates certainty by stating that examinations prevent political communication from influencing the process (when the reference answer only mentions preventing such influence). This minor inaccuracy reduces the groundedness score."
Q001,nomic_embed_text,0.8,0.9,0.9,"The answer is grounded in the retrieved evidence and accurately reflects the risk level indicated by SR 11-7. The only reason for a slight reduction in groundedness score is that the model answer could be more precise in its language, but overall it is accurate and relevant to the question."
Q002,nomic_embed_text,0.8,0.9,0.9,"The answer is generally relevant and accurate but could be improved by avoiding overstatement of certainty (e.g., 'increases' the risk without quantifying it)."
Q003,nomic_embed_text,0.8,0.9,1.0,Answer is well-supported by retrieved evidence and directly addresses the user question. Decision quality is appropriate given the context of Basel operational risk guidance.
Q004,nomic_embed_text,0.8,0.9,0.9,"The model answer accurately reflects the Basel operational resilience principles and provides a clear explanation of high operational risk. However, it could be improved by directly referencing the retrieved evidence to support its claims."
Q005,nomic_embed_text,0.8,1.0,0.9,"Model answer is relevant and supports the reference answer well. However, it slightly underestimates the level of credit risk governance weakness indicated by Basel principles."
Q006,nomic_embed_text,0.8,0.9,0.9,"The model answer is largely supported by the retrieved evidence and directly addresses the user question. However, it slightly overstates certainty (e.g., 'significant losses for the bank') and invents unsupported claims (e.g., 'non-arm's length lending'). Reducing groundedness score to reflect this."
Q007,nomic_embed_text,0.8,0.9,0.7,"The model answer provides a clear explanation of the credit risk implications of outdated loan files and weak credit monitoring. However, it could be improved by providing more specific details on how this would lead to increased exposure. The reference answer is more precise in its definition of medium to high credit risk."
Q008,nomic_embed_text,0.8,0.9,0.9,"The model answer is well-supported by the retrieved evidence and directly addresses the user question. However, it slightly overstates certainty (e.g., 'it indicates a High operational risk level') and could benefit from more nuanced language. The decision quality score is high due to the alignment with Operational Risk guidance."
Q009,nomic_embed_text,0.8,1.0,1.0,The answer is highly relevant to the question and accurately reflects the expected risk label of Unknown for informational questions.
Q010,nomic_embed_text,0.8,0.9,0.7,The model answer is largely accurate but could be improved by providing more specific details about the roles and responsibilities of each line of defence. The reference answer provides a clear and concise definition of the three lines of defence.
Q011,nomic_embed_text,0.0,0.0,0.0,
Q012,nomic_embed_text,0.8,0.9,0.7,"The model answer provides a clear explanation of the importance of bank examinations in maintaining public confidence and protecting the Deposit Insurance Fund. However, it slightly overstates certainty by stating that examinations identify and manage risks effectively without providing specific details from the retrieved evidence. Additionally, the answer could benefit from more direct quotes or paraphrasing of the FDIC guidance to increase its relevance."
